{"cameraMode":{"drawMode":0,"name":"Shaded","section":"Shading Mode"},"sceneLighting":false,"audioPlay":false,"sceneViewState":{"showFog":true,"showMaterialUpdate":false,"showSkybox":false,"showFlares":true,"showImageEffects":true,"showParticleSystems":true},"in2DMode":false,"pivot":{"x":8.329999923706055,"y":-0.029999971389770509,"z":8.520000457763672},"rotation":{"x":-0.42579787969589236,"y":0.0018483443418517709,"z":-0.0009941140888258815,"w":-0.9049108028411865},"size":1.6910293102264405,"orthographic":false}